{"cameraMode":{"drawMode":0,"name":"Shaded","section":"Shading Mode"},"sceneLighting":true,"audioPlay":false,"sceneViewState":{"m_AlwaysRefresh":false,"showFog":true,"showSkybox":true,"showFlares":true,"showImageEffects":true,"showParticleSystems":true,"showVisualEffectGraphs":true,"m_FxEnabled":true},"in2DMode":false,"pivot":{"x":6.065675258636475,"y":27.166954040527345,"z":-45.16600799560547},"rotation":{"x":0.033275630325078967,"y":0.920271098613739,"z":-0.08026634156703949,"w":0.3815136253833771},"size":0.5377107262611389,"orthographic":true}